<?xml version="1.0" encoding="UTF-8" ?>
<!-- This is a WordPress eXtended RSS file generated by WordPress as an export of your site. -->
<!-- It contains information about your site's posts, pages, comments, categories, and other content. -->
<!-- You may use this file to transfer that content from one site to another. -->
<!-- This file is not intended to serve as a complete backup of your site. -->

<!-- To import this information into a WordPress site follow these steps: -->
<!-- 1. Log in to that site as an administrator. -->
<!-- 2. Go to Tools: Import in the WordPress admin panel. -->
<!-- 3. Install the "WordPress" importer from the list. -->
<!-- 4. Activate & Run Importer. -->
<!-- 5. Upload this file using the form provided on that page. -->
<!-- 6. You will first be asked to map the authors in this export file to users -->
<!--    on the site. For each author, you may choose to map to an -->
<!--    existing user on the site or to create a new user. -->
<!-- 7. WordPress will then import each of the posts, pages, comments, categories, etc. -->
<!--    contained in this file into your site. -->

	<!-- generator="WordPress/5.2.4" created="2019-11-12 08:25" -->
<rss version="2.0"
	xmlns:excerpt="http://wordpress.org/export/1.2/excerpt/"
	xmlns:content="http://purl.org/rss/1.0/modules/content/"
	xmlns:wfw="http://wellformedweb.org/CommentAPI/"
	xmlns:dc="http://purl.org/dc/elements/1.1/"
	xmlns:wp="http://wordpress.org/export/1.2/"
>

<channel>
	<title>SKT Woman Demo</title>
	<link>http://demosktthemes.com/free/woman</link>
	<description>Just another WordPress site</description>
	<pubDate>Tue, 12 Nov 2019 08:25:47 +0000</pubDate>
	<language>en-US</language>
	<wp:wxr_version>1.2</wp:wxr_version>
	<wp:base_site_url>http://demosktthemes.com/free/woman</wp:base_site_url>
	<wp:base_blog_url>http://demosktthemes.com/free/woman</wp:base_blog_url>

		<wp:author><wp:author_id>1</wp:author_id><wp:author_login><![CDATA[woman]]></wp:author_login><wp:author_email><![CDATA[sittestaccount@gmail.com]]></wp:author_email><wp:author_display_name><![CDATA[woman]]></wp:author_display_name><wp:author_first_name><![CDATA[]]></wp:author_first_name><wp:author_last_name><![CDATA[]]></wp:author_last_name></wp:author>

		<wp:category>
		<wp:term_id>1</wp:term_id>
		<wp:category_nicename><![CDATA[uncategorized]]></wp:category_nicename>
		<wp:category_parent><![CDATA[]]></wp:category_parent>
		<wp:cat_name><![CDATA[Uncategorized]]></wp:cat_name>
	</wp:category>
				<wp:term>
		<wp:term_id><![CDATA[2]]></wp:term_id>
		<wp:term_taxonomy><![CDATA[nav_menu]]></wp:term_taxonomy>
		<wp:term_slug><![CDATA[header]]></wp:term_slug>
		<wp:term_parent><![CDATA[]]></wp:term_parent>
		<wp:term_name><![CDATA[Header]]></wp:term_name>
	</wp:term>
		<wp:term>
		<wp:term_id><![CDATA[1]]></wp:term_id>
		<wp:term_taxonomy><![CDATA[category]]></wp:term_taxonomy>
		<wp:term_slug><![CDATA[uncategorized]]></wp:term_slug>
		<wp:term_parent><![CDATA[]]></wp:term_parent>
		<wp:term_name><![CDATA[Uncategorized]]></wp:term_name>
	</wp:term>
			<wp:term><wp:term_id>2</wp:term_id><wp:term_taxonomy>nav_menu</wp:term_taxonomy><wp:term_slug><![CDATA[header]]></wp:term_slug><wp:term_name><![CDATA[Header]]></wp:term_name>
</wp:term>

	<generator>https://wordpress.org/?v=5.2.4</generator>

		<item>
		<title>Hello world!</title>
		<link>http://demosktthemes.com/free/woman/hello-world/</link>
		<pubDate>Tue, 12 Nov 2019 07:52:20 +0000</pubDate>
		<dc:creator><![CDATA[woman]]></dc:creator>
		<guid isPermaLink="false">http://demosktthemes.com/free/woman/?p=1</guid>
		<description></description>
		<content:encoded><![CDATA[<!-- wp:paragraph -->
<p>Welcome to WordPress. This is your first post. Edit or delete it, then start writing!</p>
<!-- /wp:paragraph -->]]></content:encoded>
		<excerpt:encoded><![CDATA[]]></excerpt:encoded>
		<wp:post_id>1</wp:post_id>
		<wp:post_date><![CDATA[2019-11-12 07:52:20]]></wp:post_date>
		<wp:post_date_gmt><![CDATA[2019-11-12 07:52:20]]></wp:post_date_gmt>
		<wp:comment_status><![CDATA[open]]></wp:comment_status>
		<wp:ping_status><![CDATA[open]]></wp:ping_status>
		<wp:post_name><![CDATA[hello-world]]></wp:post_name>
		<wp:status><![CDATA[publish]]></wp:status>
		<wp:post_parent>0</wp:post_parent>
		<wp:menu_order>0</wp:menu_order>
		<wp:post_type><![CDATA[post]]></wp:post_type>
		<wp:post_password><![CDATA[]]></wp:post_password>
		<wp:is_sticky>0</wp:is_sticky>
										<category domain="category" nicename="uncategorized"><![CDATA[Uncategorized]]></category>
						<wp:comment>
			<wp:comment_id>1</wp:comment_id>
			<wp:comment_author><![CDATA[A WordPress Commenter]]></wp:comment_author>
			<wp:comment_author_email><![CDATA[wapuu@wordpress.example]]></wp:comment_author_email>
			<wp:comment_author_url>https://wordpress.org/</wp:comment_author_url>
			<wp:comment_author_IP><![CDATA[]]></wp:comment_author_IP>
			<wp:comment_date><![CDATA[2019-11-12 07:52:20]]></wp:comment_date>
			<wp:comment_date_gmt><![CDATA[2019-11-12 07:52:20]]></wp:comment_date_gmt>
			<wp:comment_content><![CDATA[Hi, this is a comment.
To get started with moderating, editing, and deleting comments, please visit the Comments screen in the dashboard.
Commenter avatars come from <a href="https://gravatar.com">Gravatar</a>.]]></wp:comment_content>
			<wp:comment_approved><![CDATA[1]]></wp:comment_approved>
			<wp:comment_type><![CDATA[]]></wp:comment_type>
			<wp:comment_parent>0</wp:comment_parent>
			<wp:comment_user_id>0</wp:comment_user_id>
							</wp:comment>
					</item>
					<item>
		<title>Blog</title>
		<link>http://demosktthemes.com/free/woman/blog/</link>
		<pubDate>Tue, 12 Nov 2019 08:00:31 +0000</pubDate>
		<dc:creator><![CDATA[woman]]></dc:creator>
		<guid isPermaLink="false">http://demosktthemes.com/free/woman/?page_id=10</guid>
		<description></description>
		<content:encoded><![CDATA[]]></content:encoded>
		<excerpt:encoded><![CDATA[]]></excerpt:encoded>
		<wp:post_id>10</wp:post_id>
		<wp:post_date><![CDATA[2019-11-12 08:00:31]]></wp:post_date>
		<wp:post_date_gmt><![CDATA[2019-11-12 08:00:31]]></wp:post_date_gmt>
		<wp:comment_status><![CDATA[closed]]></wp:comment_status>
		<wp:ping_status><![CDATA[closed]]></wp:ping_status>
		<wp:post_name><![CDATA[blog]]></wp:post_name>
		<wp:status><![CDATA[publish]]></wp:status>
		<wp:post_parent>0</wp:post_parent>
		<wp:menu_order>0</wp:menu_order>
		<wp:post_type><![CDATA[page]]></wp:post_type>
		<wp:post_password><![CDATA[]]></wp:post_password>
		<wp:is_sticky>0</wp:is_sticky>
														</item>
					<item>
		<title>Home</title>
		<link>http://demosktthemes.com/free/woman/</link>
		<pubDate>Tue, 12 Nov 2019 08:00:06 +0000</pubDate>
		<dc:creator><![CDATA[woman]]></dc:creator>
		<guid isPermaLink="false">http://demosktthemes.com/free/woman/?page_id=8</guid>
		<description></description>
		<content:encoded><![CDATA[<div id="skt-builder-home-section1-block" class="skt-builder-block-wrapper skt-builder-home-section1-block skt-builder-home-section1-block-31" style="background-color: #f1eee9; background-image: url(); padding-bottom: 0px; padding-top: 0px; ">
  <div class="skt-builder-block-inner skt-builder-block-inner-31" style="visibility: hidden;">
    <div class="skt-builder-container"> 
    	<div class="desblock-wrap" style="background-color: #fbfbfb;">
      <div class="skt-builder-columns-row skt-builder-columns-row-4column">      	
                <style>
					.skt-builder-design-column-33.designbox h3{color: #212121 !important;}
					.skt-builder-design-column-33.designbox:hover h3{color: #e42e54 !important;}
					.skt-builder-design-column-33 a.linkreadmore{color: #636363 !important; border-color: #636363 !important;}
					.skt-builder-design-column-33.designbox:hover a.linkreadmore{color: #ffffff !important; border-color: #e42e54 !important; background-color: #e42e54 !important;}
				</style>
                    <div class="skt-builder-column skt-builder-design-column skt-builder-design-column-33 designbox">
                      <a href="#" >
                      <div class="designboxbg" style="background-color:#ffffff;">
                        <div class="designs-thumb">
                        	<img class="skt-builder-design-column-image" src="http://demosktthemes.com/free/woman/wp-content/themes/skt-woman/blocks/home_section1/assets/img/service-img1.jpg">
                        </div>
                      </div>
                      </a>
                      <div class="designbox-content">
                       <a href="#" >
                         <h3>ABOUT</h3>
                       </a>
                             	<p>Lorem ipsum dolor sit amet, consectetur adipcing elit. Cras vitae magna at elit dignissim sodales. Cras vehicula erat in volutpat placerat. Morbi condimentum augue quis justo aliquet molestie. Donec a justo </p>
                         <a href="#"  class="linkreadmore">Read More</a>
                      </div>
                    </div>                
                <style>
					.skt-builder-design-column-37.designbox h3{color: #212121 !important;}
					.skt-builder-design-column-37.designbox:hover h3{color: #e42e54 !important;}
					.skt-builder-design-column-37 a.linkreadmore{color: #636363 !important; border-color: #636363 !important;}
					.skt-builder-design-column-37.designbox:hover a.linkreadmore{color: #ffffff !important; border-color: #e42e54 !important; background-color: #e42e54 !important;}
				</style>
                    <div class="skt-builder-column skt-builder-design-column skt-builder-design-column-37 designbox">
                      <a href="#" >
                      <div class="designboxbg" style="background-color:#ffffff;">
                        <div class="designs-thumb">
                        	<img class="skt-builder-design-column-image" src="http://demosktthemes.com/free/woman/wp-content/themes/skt-woman/blocks/home_section1/assets/img/service-img2.jpg">
                        </div>
                      </div>
                      </a>
                      <div class="designbox-content">
                       <a href="#" >
                         <h3>SHOP</h3>
                       </a>
                             	<p>Lorem ipsum dolor sit amet, consectetur adipcing elit. Cras vitae magna at elit dignissim sodales. Cras vehicula erat in volutpat placerat. Morbi condimentum augue quis justo aliquet molestie. Donec a justo</p>
                         <a href="#"  class="linkreadmore">Read More</a>
                      </div>
                    </div>                
                <style>
					.skt-builder-design-column-40.designbox h3{color: #212121 !important;}
					.skt-builder-design-column-40.designbox:hover h3{color: #e42e54 !important;}
					.skt-builder-design-column-40 a.linkreadmore{color: #636363 !important; border-color: #636363 !important;}
					.skt-builder-design-column-40.designbox:hover a.linkreadmore{color: #ffffff !important; border-color: #e42e54 !important; background-color: #e42e54 !important;}
				</style>
                    <div class="skt-builder-column skt-builder-design-column skt-builder-design-column-40 designbox">
                      <a href="#" >
                      <div class="designboxbg" style="background-color:#ffffff;">
                        <div class="designs-thumb">
                        	<img class="skt-builder-design-column-image" src="http://demosktthemes.com/free/woman/wp-content/themes/skt-woman/blocks/home_section1/assets/img/service-img3.jpg">
                        </div>
                      </div>
                      </a>
                      <div class="designbox-content">
                       <a href="#" >
                         <h3>ARTICLES</h3>
                       </a>
                             	<p>Lorem ipsum dolor sit amet, consectetur adipcing elit. Cras vitae magna at elit dignissim sodales. Cras vehicula erat in volutpat placerat. Morbi condimentum augue quis justo aliquet molestie. Donec a justo </p>
                         <a href="#"  class="linkreadmore">Read More</a>
                      </div>
                    </div>                
                <style>
					.skt-builder-design-column-43.designbox h3{color: #212121 !important;}
					.skt-builder-design-column-43.designbox:hover h3{color: #e42e54 !important;}
					.skt-builder-design-column-43 a.linkreadmore{color: #636363 !important; border-color: #636363 !important;}
					.skt-builder-design-column-43.designbox:hover a.linkreadmore{color: #ffffff !important; border-color: #e42e54 !important; background-color: #e42e54 !important;}
				</style>
                    <div class="skt-builder-column skt-builder-design-column skt-builder-design-column-43 designbox">
                      <a href="#" >
                      <div class="designboxbg" style="background-color:#ffffff;">
                        <div class="designs-thumb">
                        	<img class="skt-builder-design-column-image" src="http://demosktthemes.com/free/woman/wp-content/themes/skt-woman/blocks/home_section1/assets/img/service-img4.jpg">
                        </div>
                      </div>
                      </a>
                      <div class="designbox-content">
                       <a href="#" >
                         <h3>BEAUTY TIPS</h3>
                       </a>
                             	<p>Lorem ipsum dolor sit amet, consectetur adipcing elit. Cras vitae magna at elit dignissim sodales. Cras vehicula erat in volutpat placerat. Morbi condimentum augue quis justo aliquet molestie. Donec a justo </p>
                         <a href="#"  class="linkreadmore">Read More</a>
                      </div>
                    </div>                
         </div>
    </div>    
    </div>
  </div>
</div>
<script>
jQuery(document).ready(function() {
    jQuery('p').each(function() {
        var $this = jQuery(this);
        if($this.html().replace(/s|&nbsp;/g, '').length == 0) {
            $this.remove();
        }
    });
});

jQuery(document).ready(function() {
    jQuery('p').each(function() {
        var $this = jQuery(this);
        if($this.html().replace(/s|<br>/g, '').length == 0) {
            $this.remove();
        }
    });
});
</script> 
<script>
jQuery.noConflict();
jQuery(document).ready(function(){
jQuery(window).scroll(function(){
    // This is then function used to detect if the element is scrolled into view
    function elementScrolled(elem)
    {
        var docViewTop = jQuery(window).scrollTop();
        var docViewBottom = docViewTop + jQuery(window).height();
        var elemTop = jQuery(elem).offset().top;
        return ((elemTop <= docViewBottom) && (elemTop >= docViewTop));
    }

	if (jQuery('.skt-builder-block-inner-31').length > 0) {
	if(elementScrolled('.skt-builder-block-inner-31')) {
        var els = jQuery('.skt-builder-block-inner-31'),
            i = 0,
            f = function () {
                jQuery(els[i++]).addClass('fadeInUp');
                if(i < els.length) setTimeout(f, 400);
            };
        f();
    }}

});
});
</script> 
<div id="skt-builder-home-section2-block" class="skt-builder-block-wrapper skt-builder-home-section2-block skt-builder-home-section2-block-160" style="background-color: #f1eee9; background-image: url(); padding-bottom: 0px; padding-top: 0px; ">
  <div class="skt-builder-block-inner skt-builder-block-inner-160" style="visibility: hidden;">
    <div class="skt-builder-container"> 
            <div class="skt-builder-block-title" style="text-align: left;">
                <h2 style="color: #4e4e4e; font-size: 25px; margin-bottom: 30px; text-align: left; border-bottom-color: #d5d2ce;">WHATS NEW IN THE SHOP</h2>
            </div>
      <div class="skt-builder-columns-row skt-builder-columns-row-3column">      	
                <style>
					.skt-builder-design-column-162.designbox .bx-titleleft h3{color: #212121 !important;}
					.skt-builder-design-column-162.designbox:hover .bx-titleleft h3{color: #e42e54 !important;}
					.skt-builder-design-column-162.designbox .bx-titleright h3{color: #212121 !important;}
					.skt-builder-design-column-162.designbox:hover .bx-titleright h3{color: #e42e54 !important;}					 .skt-builder-design-column-162 a.linkreadmore{color: #636363 !important; border-color: #636363 !important;}
					.skt-builder-design-column-162 a.linkreadmore:hover{color: #ffffff !important; border-color: #e42e54 !important; background-color: #e42e54 !important;}
					.skt-builder-design-column-162 a.linkreadmoreright{color: #636363 !important; border-color: #636363 !important;}
					.skt-builder-design-column-162 a.linkreadmoreright:hover{color: #ffffff !important; border-color: #e42e54 !important; background-color: #e42e54 !important;}
					
				</style>
                    <div class="skt-builder-column skt-builder-design-column skt-builder-design-column-162 designbox">
                      <a href="#" >
                      <div class="designboxbg">
                        <div class="designs-thumb">
                        	<img class="skt-builder-design-column-image" src="http://demosktthemes.com/free/woman/wp-content/themes/skt-woman/blocks/home_section2/assets/img/pudding.jpg">
                        </div>
                      </div>
                      </a>
                      <div class="designbox-content" style="background-color:#ffffff;">
                       <div class="bx-titleleft"><a href="#" >
                         <h3>PUDDING</h3>
                       </a></div>
                       <div class="bx-titleright"><h3>$150</h3></div>
                       <div class="clear"></div>
                             	<p>Lorem ipsum dolor sit amet, consectetur adipiscing elit. Cras vitae magna at elit dignissim sodales. Cras vehicula erat in volutpat placerat. Morbi condimentum augue quis justo aliquet molestie. Donec a justo ut nulla faucibus maximus. Nullam porta laoreet nulla, ac porta est ultricies nec. </p>
                         <a href="#"  class="linkreadmore">Read More</a>
                         <a href="#"  class="linkreadmoreright">Add to Cart</a>
                         <div class="clear"></div>
                      </div>
                    </div>                
                <style>
					.skt-builder-design-column-166.designbox .bx-titleleft h3{color: #212121 !important;}
					.skt-builder-design-column-166.designbox:hover .bx-titleleft h3{color: #e42e54 !important;}
					.skt-builder-design-column-166.designbox .bx-titleright h3{color: #212121 !important;}
					.skt-builder-design-column-166.designbox:hover .bx-titleright h3{color: #e42e54 !important;}					 .skt-builder-design-column-166 a.linkreadmore{color: #636363 !important; border-color: #636363 !important;}
					.skt-builder-design-column-166 a.linkreadmore:hover{color: #ffffff !important; border-color: #e42e54 !important; background-color: #e42e54 !important;}
					.skt-builder-design-column-166 a.linkreadmoreright{color: #636363 !important; border-color: #636363 !important;}
					.skt-builder-design-column-166 a.linkreadmoreright:hover{color: #ffffff !important; border-color: #e42e54 !important; background-color: #e42e54 !important;}
					
				</style>
                    <div class="skt-builder-column skt-builder-design-column skt-builder-design-column-166 designbox">
                      <a href="#" >
                      <div class="designboxbg">
                        <div class="designs-thumb">
                        	<img class="skt-builder-design-column-image" src="http://demosktthemes.com/free/woman/wp-content/themes/skt-woman/blocks/home_section2/assets/img/spinch.jpg">
                        </div>
                      </div>
                      </a>
                      <div class="designbox-content" style="background-color:#ffffff;">
                       <div class="bx-titleleft"><a href="#" >
                         <h3>SPINACH</h3>
                       </a></div>
                       <div class="bx-titleright"><h3>$100</h3></div>
                       <div class="clear"></div>
                             	<p>Lorem ipsum dolor sit amet, consectetur adipiscing elit. Cras vitae magna at elit dignissim sodales. Cras vehicula erat in volutpat placerat. Morbi condimentum augue quis justo aliquet molestie. Donec a justo ut nulla faucibus maximus. Nullam porta laoreet nulla, ac porta est ultricies nec.</p>
                         <a href="#"  class="linkreadmore">Read More</a>
                         <a href="#"  class="linkreadmoreright">Add to Cart</a>
                         <div class="clear"></div>
                      </div>
                    </div>                
                <style>
					.skt-builder-design-column-169.designbox .bx-titleleft h3{color: #212121 !important;}
					.skt-builder-design-column-169.designbox:hover .bx-titleleft h3{color: #e42e54 !important;}
					.skt-builder-design-column-169.designbox .bx-titleright h3{color: #212121 !important;}
					.skt-builder-design-column-169.designbox:hover .bx-titleright h3{color: #e42e54 !important;}					 .skt-builder-design-column-169 a.linkreadmore{color: #636363 !important; border-color: #636363 !important;}
					.skt-builder-design-column-169 a.linkreadmore:hover{color: #ffffff !important; border-color: #e42e54 !important; background-color: #e42e54 !important;}
					.skt-builder-design-column-169 a.linkreadmoreright{color: #636363 !important; border-color: #636363 !important;}
					.skt-builder-design-column-169 a.linkreadmoreright:hover{color: #ffffff !important; border-color: #e42e54 !important; background-color: #e42e54 !important;}
					
				</style>
                    <div class="skt-builder-column skt-builder-design-column skt-builder-design-column-169 designbox">
                      <a href="#" >
                      <div class="designboxbg">
                        <div class="designs-thumb">
                        	<img class="skt-builder-design-column-image" src="http://demosktthemes.com/free/woman/wp-content/themes/skt-woman/blocks/home_section2/assets/img/pomegranate.jpg">
                        </div>
                      </div>
                      </a>
                      <div class="designbox-content" style="background-color:#ffffff;">
                       <div class="bx-titleleft"><a href="#" >
                         <h3>Pomegranate</h3>
                       </a></div>
                       <div class="bx-titleright"><h3>$120</h3></div>
                       <div class="clear"></div>
                             	<p>Lorem ipsum dolor sit amet, consectetur adipiscing elit. Cras vitae magna at elit dignissim sodales. Cras vehicula erat in volutpat placerat. Morbi condimentum augue quis justo aliquet molestie. Donec a justo ut nulla faucibus maximus. Nullam porta laoreet nulla, ac porta est ultricies nec.</p>
                         <a href="#"  class="linkreadmore">Read More</a>
                         <a href="#"  class="linkreadmoreright">Add to Cart</a>
                         <div class="clear"></div>
                      </div>
                    </div>                
         </div>   
    </div>
  </div>
</div>
<script>
jQuery(document).ready(function() {
    jQuery('p').each(function() {
        var $this = jQuery(this);
        if($this.html().replace(/s|&nbsp;/g, '').length == 0) {
            $this.remove();
        }
    });
});

jQuery(document).ready(function() {
    jQuery('p').each(function() {
        var $this = jQuery(this);
        if($this.html().replace(/s|<br>/g, '').length == 0) {
            $this.remove();
        }
    });
});
</script> 
<script>
jQuery.noConflict();
jQuery(document).ready(function(){
jQuery(window).scroll(function(){
    // This is then function used to detect if the element is scrolled into view
    function elementScrolled(elem)
    {
        var docViewTop = jQuery(window).scrollTop();
        var docViewBottom = docViewTop + jQuery(window).height();
        var elemTop = jQuery(elem).offset().top;
        return ((elemTop <= docViewBottom) && (elemTop >= docViewTop));
    }

	if (jQuery('.skt-builder-block-inner-160').length > 0) {
	if(elementScrolled('.skt-builder-block-inner-160')) {
        var els = jQuery('.skt-builder-block-inner-160'),
            i = 0,
            f = function () {
                jQuery(els[i++]).addClass('fadeInLeft');
                if(i < els.length) setTimeout(f, 400);
            };
        f();
    }}

});
});
</script>]]></content:encoded>
		<excerpt:encoded><![CDATA[]]></excerpt:encoded>
		<wp:post_id>8</wp:post_id>
		<wp:post_date><![CDATA[2019-11-12 08:00:06]]></wp:post_date>
		<wp:post_date_gmt><![CDATA[2019-11-12 08:00:06]]></wp:post_date_gmt>
		<wp:comment_status><![CDATA[closed]]></wp:comment_status>
		<wp:ping_status><![CDATA[closed]]></wp:ping_status>
		<wp:post_name><![CDATA[home]]></wp:post_name>
		<wp:status><![CDATA[publish]]></wp:status>
		<wp:post_parent>0</wp:post_parent>
		<wp:menu_order>0</wp:menu_order>
		<wp:post_type><![CDATA[page]]></wp:post_type>
		<wp:post_password><![CDATA[]]></wp:post_password>
		<wp:is_sticky>0</wp:is_sticky>
														<wp:postmeta>
		<wp:meta_key><![CDATA[sktbuilder_data]]></wp:meta_key>
		<wp:meta_value><![CDATA[{\"blocks\":[{\"blockTitle\":\"\",\"blockTitleColor\":\"#212121\",\"blockTitleFontSize\":\"40\",\"blockTitleMarginBottom\":\"50\",\"blockTitleSeparator\":0,\"blockTitleSeparatorColor\":\"#212121\",\"blockTitleAlign\":\"center\",\"blockDescription\":\"\",\"blockColumnsCount\":\"4\",\"blockColumns\":[{\"title\":\"ABOUT\",\"titleColor\":\"#212121\",\"titleHoverColor\":\"#e42e54\",\"columnContent\":\"<p>Lorem ipsum dolor sit amet, consectetur adipcing elit. Cras vitae magna at elit dignissim sodales. Cras vehicula erat in volutpat placerat. Morbi condimentum augue quis justo aliquet molestie. Donec a justo <\\/p>\",\"blockButtonText\":\"Read More\",\"blockButtonColor\":\"#636363\",\"blockButtonBorderColor\":\"#636363\",\"blockButtonHoverColor\":\"#ffffff\",\"blockButtonHoverBgColor\":\"#e42e54\",\"boxBgColor\":\"#ffffff\",\"boxshadowColor\":\"#e3e3e3\",\"columnLink\":\"#\",\"columnLinkTarget\":0,\"columnIcon\":\"http:\\/\\/demosktthemes.com\\/free\\/woman\\/wp-content\\/themes\\/skt-woman\\/blocks\\/home_section1\\/assets\\/img\\/service-img1.jpg\",\"order\":1,\"id\":33},{\"title\":\"SHOP\",\"titleColor\":\"#212121\",\"titleHoverColor\":\"#e42e54\",\"columnContent\":\"<p>Lorem ipsum dolor sit amet, consectetur adipcing elit. Cras vitae magna at elit dignissim sodales. Cras vehicula erat in volutpat placerat. Morbi condimentum augue quis justo aliquet molestie. Donec a justo<\\/p>\",\"blockButtonText\":\"Read More\",\"blockButtonColor\":\"#636363\",\"blockButtonBorderColor\":\"#636363\",\"blockButtonHoverColor\":\"#ffffff\",\"blockButtonHoverBgColor\":\"#e42e54\",\"boxBgColor\":\"#ffffff\",\"boxshadowColor\":\"#e3e3e3\",\"columnLink\":\"#\",\"columnLinkTarget\":0,\"columnIcon\":\"http:\\/\\/demosktthemes.com\\/free\\/woman\\/wp-content\\/themes\\/skt-woman\\/blocks\\/home_section1\\/assets\\/img\\/service-img2.jpg\",\"order\":2,\"id\":37},{\"title\":\"ARTICLES\",\"titleColor\":\"#212121\",\"titleHoverColor\":\"#e42e54\",\"columnContent\":\"<p>Lorem ipsum dolor sit amet, consectetur adipcing elit. Cras vitae magna at elit dignissim sodales. Cras vehicula erat in volutpat placerat. Morbi condimentum augue quis justo aliquet molestie. Donec a justo <\\/p>\",\"blockButtonText\":\"Read More\",\"blockButtonColor\":\"#636363\",\"blockButtonBorderColor\":\"#636363\",\"blockButtonHoverColor\":\"#ffffff\",\"blockButtonHoverBgColor\":\"#e42e54\",\"boxBgColor\":\"#ffffff\",\"boxshadowColor\":\"#e3e3e3\",\"columnLink\":\"#\",\"columnLinkTarget\":0,\"columnIcon\":\"http:\\/\\/demosktthemes.com\\/free\\/woman\\/wp-content\\/themes\\/skt-woman\\/blocks\\/home_section1\\/assets\\/img\\/service-img3.jpg\",\"order\":3,\"id\":40},{\"title\":\"BEAUTY TIPS\",\"titleColor\":\"#212121\",\"titleHoverColor\":\"#e42e54\",\"columnContent\":\"<p>Lorem ipsum dolor sit amet, consectetur adipcing elit. Cras vitae magna at elit dignissim sodales. Cras vehicula erat in volutpat placerat. Morbi condimentum augue quis justo aliquet molestie. Donec a justo <\\/p>\",\"blockButtonText\":\"Read More\",\"blockButtonColor\":\"#636363\",\"blockButtonBorderColor\":\"#636363\",\"blockButtonHoverColor\":\"#ffffff\",\"blockButtonHoverBgColor\":\"#e42e54\",\"boxBgColor\":\"#ffffff\",\"boxshadowColor\":\"#e3e3e3\",\"columnLink\":\"#\",\"columnLinkTarget\":0,\"columnIcon\":\"http:\\/\\/demosktthemes.com\\/free\\/woman\\/wp-content\\/themes\\/skt-woman\\/blocks\\/home_section1\\/assets\\/img\\/service-img4.jpg\",\"order\":4,\"id\":43}],\"blockAnimation\":1,\"blockAnimationEffect\":\"fadeInUp\",\"blockPaddingTop\":\"0\",\"blockPaddingBottom\":\"0\",\"blockBackgroundColor\":\"#f1eee9\",\"boxBackgroundColor\":\"#fbfbfb\",\"blockParallaxEffect\":0,\"blockBgImageUrl\":\"\",\"block\":\"home_section1\",\"lib\":\"SKT Theme Blocks\",\"id\":31},{\"blockTitle\":\"WHATS NEW IN THE SHOP\",\"blockTitleColor\":\"#4e4e4e\",\"blockTitleFontSize\":\"25\",\"blockTitleMarginBottom\":\"30\",\"blockTitleSeparatorColor\":\"#d5d2ce\",\"blockTitleAlign\":\"left\",\"blockDescription\":\"\",\"blockColumnsCount\":\"3\",\"blockColumns\":[{\"title\":\"PUDDING\",\"titleColor\":\"#212121\",\"titleHoverColor\":\"#e42e54\",\"price\":\"$150\",\"pricetitleColor\":\"#212121\",\"pricetitleHoverColor\":\"#e42e54\",\"columnContent\":\"<p>Lorem ipsum dolor sit amet, consectetur adipiscing elit. Cras vitae magna at elit dignissim sodales. Cras vehicula erat in volutpat placerat. Morbi condimentum augue quis justo aliquet molestie. Donec a justo ut nulla faucibus maximus. Nullam porta laoreet nulla, ac porta est ultricies nec. <\\/p>\",\"blockButtonText\":\"Read More\",\"blockButtonColor\":\"#636363\",\"blockButtonBorderColor\":\"#636363\",\"blockButtonHoverColor\":\"#ffffff\",\"blockButtonHoverBgColor\":\"#e42e54\",\"cartblockButtonText\":\"Add to Cart\",\"cartblockButtonColor\":\"#636363\",\"cartblockButtonBorderColor\":\"#636363\",\"cartblockButtonHoverColor\":\"#ffffff\",\"cartblockButtonHoverBgColor\":\"#e42e54\",\"boxBgColor\":\"#ffffff\",\"boxshadowColor\":\"#e3e3e3\",\"columnLink\":\"#\",\"cartcolumnLink\":\"#\",\"columnLinkTarget\":0,\"columnIcon\":\"http:\\/\\/demosktthemes.com\\/free\\/woman\\/wp-content\\/themes\\/skt-woman\\/blocks\\/home_section2\\/assets\\/img\\/pudding.jpg\",\"order\":1,\"id\":162},{\"title\":\"SPINACH\",\"titleColor\":\"#212121\",\"titleHoverColor\":\"#e42e54\",\"price\":\"$100\",\"pricetitleColor\":\"#212121\",\"pricetitleHoverColor\":\"#e42e54\",\"columnContent\":\"<p>Lorem ipsum dolor sit amet, consectetur adipiscing elit. Cras vitae magna at elit dignissim sodales. Cras vehicula erat in volutpat placerat. Morbi condimentum augue quis justo aliquet molestie. Donec a justo ut nulla faucibus maximus. Nullam porta laoreet nulla, ac porta est ultricies nec.<\\/p>\",\"blockButtonText\":\"Read More\",\"blockButtonColor\":\"#636363\",\"blockButtonBorderColor\":\"#636363\",\"blockButtonHoverColor\":\"#ffffff\",\"blockButtonHoverBgColor\":\"#e42e54\",\"cartblockButtonText\":\"Add to Cart\",\"cartblockButtonColor\":\"#636363\",\"cartblockButtonBorderColor\":\"#636363\",\"cartblockButtonHoverColor\":\"#ffffff\",\"cartblockButtonHoverBgColor\":\"#e42e54\",\"boxBgColor\":\"#ffffff\",\"boxshadowColor\":\"#e3e3e3\",\"columnLink\":\"#\",\"cartcolumnLink\":\"#\",\"columnLinkTarget\":0,\"columnIcon\":\"http:\\/\\/demosktthemes.com\\/free\\/woman\\/wp-content\\/themes\\/skt-woman\\/blocks\\/home_section2\\/assets\\/img\\/spinch.jpg\",\"order\":2,\"id\":166},{\"title\":\"Pomegranate\",\"titleColor\":\"#212121\",\"titleHoverColor\":\"#e42e54\",\"price\":\"$120\",\"pricetitleColor\":\"#212121\",\"pricetitleHoverColor\":\"#e42e54\",\"columnContent\":\"<p>Lorem ipsum dolor sit amet, consectetur adipiscing elit. Cras vitae magna at elit dignissim sodales. Cras vehicula erat in volutpat placerat. Morbi condimentum augue quis justo aliquet molestie. Donec a justo ut nulla faucibus maximus. Nullam porta laoreet nulla, ac porta est ultricies nec.<\\/p>\",\"blockButtonText\":\"Read More\",\"blockButtonColor\":\"#636363\",\"blockButtonBorderColor\":\"#636363\",\"blockButtonHoverColor\":\"#ffffff\",\"blockButtonHoverBgColor\":\"#e42e54\",\"cartblockButtonText\":\"Add to Cart\",\"cartblockButtonColor\":\"#636363\",\"cartblockButtonBorderColor\":\"#636363\",\"cartblockButtonHoverColor\":\"#ffffff\",\"cartblockButtonHoverBgColor\":\"#e42e54\",\"boxBgColor\":\"#ffffff\",\"boxshadowColor\":\"#e3e3e3\",\"columnLink\":\"#\",\"cartcolumnLink\":\"#\",\"columnLinkTarget\":0,\"columnIcon\":\"http:\\/\\/demosktthemes.com\\/free\\/woman\\/wp-content\\/themes\\/skt-woman\\/blocks\\/home_section2\\/assets\\/img\\/pomegranate.jpg\",\"order\":3,\"id\":169}],\"blockAnimation\":1,\"blockAnimationEffect\":\"fadeInLeft\",\"blockPaddingTop\":\"0\",\"blockPaddingBottom\":\"0\",\"blockBackgroundColor\":\"#f1eee9\",\"blockParallaxEffect\":0,\"blockBgImageUrl\":\"\",\"block\":\"home_section2\",\"lib\":\"SKT Theme Blocks\",\"id\":160}],\"version\":\"3.0.5\"}]]></wp:meta_value>
		</wp:postmeta>
							<wp:postmeta>
		<wp:meta_key><![CDATA[_wp_page_template]]></wp:meta_key>
		<wp:meta_value><![CDATA[templates/page-builder.php]]></wp:meta_value>
		</wp:postmeta>
							</item>
					<item>
		<title></title>
		<link>http://demosktthemes.com/free/woman/13/</link>
		<pubDate>Tue, 12 Nov 2019 08:18:09 +0000</pubDate>
		<dc:creator><![CDATA[woman]]></dc:creator>
		<guid isPermaLink="false">http://demosktthemes.com/free/woman/?p=13</guid>
		<description></description>
		<content:encoded><![CDATA[ ]]></content:encoded>
		<excerpt:encoded><![CDATA[]]></excerpt:encoded>
		<wp:post_id>13</wp:post_id>
		<wp:post_date><![CDATA[2019-11-12 08:18:09]]></wp:post_date>
		<wp:post_date_gmt><![CDATA[2019-11-12 08:18:09]]></wp:post_date_gmt>
		<wp:comment_status><![CDATA[closed]]></wp:comment_status>
		<wp:ping_status><![CDATA[closed]]></wp:ping_status>
		<wp:post_name><![CDATA[13]]></wp:post_name>
		<wp:status><![CDATA[publish]]></wp:status>
		<wp:post_parent>0</wp:post_parent>
		<wp:menu_order>1</wp:menu_order>
		<wp:post_type><![CDATA[nav_menu_item]]></wp:post_type>
		<wp:post_password><![CDATA[]]></wp:post_password>
		<wp:is_sticky>0</wp:is_sticky>
										<category domain="nav_menu" nicename="header"><![CDATA[Header]]></category>
						<wp:postmeta>
		<wp:meta_key><![CDATA[_menu_item_type]]></wp:meta_key>
		<wp:meta_value><![CDATA[post_type]]></wp:meta_value>
		</wp:postmeta>
							<wp:postmeta>
		<wp:meta_key><![CDATA[_menu_item_menu_item_parent]]></wp:meta_key>
		<wp:meta_value><![CDATA[0]]></wp:meta_value>
		</wp:postmeta>
							<wp:postmeta>
		<wp:meta_key><![CDATA[_menu_item_object_id]]></wp:meta_key>
		<wp:meta_value><![CDATA[8]]></wp:meta_value>
		</wp:postmeta>
							<wp:postmeta>
		<wp:meta_key><![CDATA[_menu_item_object]]></wp:meta_key>
		<wp:meta_value><![CDATA[page]]></wp:meta_value>
		</wp:postmeta>
							<wp:postmeta>
		<wp:meta_key><![CDATA[_menu_item_target]]></wp:meta_key>
		<wp:meta_value><![CDATA[]]></wp:meta_value>
		</wp:postmeta>
							<wp:postmeta>
		<wp:meta_key><![CDATA[_menu_item_classes]]></wp:meta_key>
		<wp:meta_value><![CDATA[a:1:{i:0;s:0:"";}]]></wp:meta_value>
		</wp:postmeta>
							<wp:postmeta>
		<wp:meta_key><![CDATA[_menu_item_xfn]]></wp:meta_key>
		<wp:meta_value><![CDATA[]]></wp:meta_value>
		</wp:postmeta>
							<wp:postmeta>
		<wp:meta_key><![CDATA[_menu_item_url]]></wp:meta_key>
		<wp:meta_value><![CDATA[]]></wp:meta_value>
		</wp:postmeta>
							</item>
					<item>
		<title></title>
		<link>http://demosktthemes.com/free/woman/14/</link>
		<pubDate>Tue, 12 Nov 2019 08:18:09 +0000</pubDate>
		<dc:creator><![CDATA[woman]]></dc:creator>
		<guid isPermaLink="false">http://demosktthemes.com/free/woman/?p=14</guid>
		<description></description>
		<content:encoded><![CDATA[ ]]></content:encoded>
		<excerpt:encoded><![CDATA[]]></excerpt:encoded>
		<wp:post_id>14</wp:post_id>
		<wp:post_date><![CDATA[2019-11-12 08:18:09]]></wp:post_date>
		<wp:post_date_gmt><![CDATA[2019-11-12 08:18:09]]></wp:post_date_gmt>
		<wp:comment_status><![CDATA[closed]]></wp:comment_status>
		<wp:ping_status><![CDATA[closed]]></wp:ping_status>
		<wp:post_name><![CDATA[14]]></wp:post_name>
		<wp:status><![CDATA[publish]]></wp:status>
		<wp:post_parent>0</wp:post_parent>
		<wp:menu_order>3</wp:menu_order>
		<wp:post_type><![CDATA[nav_menu_item]]></wp:post_type>
		<wp:post_password><![CDATA[]]></wp:post_password>
		<wp:is_sticky>0</wp:is_sticky>
										<category domain="nav_menu" nicename="header"><![CDATA[Header]]></category>
						<wp:postmeta>
		<wp:meta_key><![CDATA[_menu_item_type]]></wp:meta_key>
		<wp:meta_value><![CDATA[post_type]]></wp:meta_value>
		</wp:postmeta>
							<wp:postmeta>
		<wp:meta_key><![CDATA[_menu_item_menu_item_parent]]></wp:meta_key>
		<wp:meta_value><![CDATA[0]]></wp:meta_value>
		</wp:postmeta>
							<wp:postmeta>
		<wp:meta_key><![CDATA[_menu_item_object_id]]></wp:meta_key>
		<wp:meta_value><![CDATA[10]]></wp:meta_value>
		</wp:postmeta>
							<wp:postmeta>
		<wp:meta_key><![CDATA[_menu_item_object]]></wp:meta_key>
		<wp:meta_value><![CDATA[page]]></wp:meta_value>
		</wp:postmeta>
							<wp:postmeta>
		<wp:meta_key><![CDATA[_menu_item_target]]></wp:meta_key>
		<wp:meta_value><![CDATA[]]></wp:meta_value>
		</wp:postmeta>
							<wp:postmeta>
		<wp:meta_key><![CDATA[_menu_item_classes]]></wp:meta_key>
		<wp:meta_value><![CDATA[a:1:{i:0;s:0:"";}]]></wp:meta_value>
		</wp:postmeta>
							<wp:postmeta>
		<wp:meta_key><![CDATA[_menu_item_xfn]]></wp:meta_key>
		<wp:meta_value><![CDATA[]]></wp:meta_value>
		</wp:postmeta>
							<wp:postmeta>
		<wp:meta_key><![CDATA[_menu_item_url]]></wp:meta_key>
		<wp:meta_value><![CDATA[]]></wp:meta_value>
		</wp:postmeta>
							</item>
					<item>
		<title>Services</title>
		<link>http://demosktthemes.com/free/woman/services/</link>
		<pubDate>Tue, 12 Nov 2019 08:18:58 +0000</pubDate>
		<dc:creator><![CDATA[woman]]></dc:creator>
		<guid isPermaLink="false">http://demosktthemes.com/free/woman/?p=17</guid>
		<description></description>
		<content:encoded><![CDATA[]]></content:encoded>
		<excerpt:encoded><![CDATA[]]></excerpt:encoded>
		<wp:post_id>17</wp:post_id>
		<wp:post_date><![CDATA[2019-11-12 08:18:58]]></wp:post_date>
		<wp:post_date_gmt><![CDATA[2019-11-12 08:18:58]]></wp:post_date_gmt>
		<wp:comment_status><![CDATA[closed]]></wp:comment_status>
		<wp:ping_status><![CDATA[closed]]></wp:ping_status>
		<wp:post_name><![CDATA[services]]></wp:post_name>
		<wp:status><![CDATA[publish]]></wp:status>
		<wp:post_parent>0</wp:post_parent>
		<wp:menu_order>4</wp:menu_order>
		<wp:post_type><![CDATA[nav_menu_item]]></wp:post_type>
		<wp:post_password><![CDATA[]]></wp:post_password>
		<wp:is_sticky>0</wp:is_sticky>
										<category domain="nav_menu" nicename="header"><![CDATA[Header]]></category>
						<wp:postmeta>
		<wp:meta_key><![CDATA[_menu_item_type]]></wp:meta_key>
		<wp:meta_value><![CDATA[custom]]></wp:meta_value>
		</wp:postmeta>
							<wp:postmeta>
		<wp:meta_key><![CDATA[_menu_item_menu_item_parent]]></wp:meta_key>
		<wp:meta_value><![CDATA[0]]></wp:meta_value>
		</wp:postmeta>
							<wp:postmeta>
		<wp:meta_key><![CDATA[_menu_item_object_id]]></wp:meta_key>
		<wp:meta_value><![CDATA[17]]></wp:meta_value>
		</wp:postmeta>
							<wp:postmeta>
		<wp:meta_key><![CDATA[_menu_item_object]]></wp:meta_key>
		<wp:meta_value><![CDATA[custom]]></wp:meta_value>
		</wp:postmeta>
							<wp:postmeta>
		<wp:meta_key><![CDATA[_menu_item_target]]></wp:meta_key>
		<wp:meta_value><![CDATA[]]></wp:meta_value>
		</wp:postmeta>
							<wp:postmeta>
		<wp:meta_key><![CDATA[_menu_item_classes]]></wp:meta_key>
		<wp:meta_value><![CDATA[a:1:{i:0;s:0:"";}]]></wp:meta_value>
		</wp:postmeta>
							<wp:postmeta>
		<wp:meta_key><![CDATA[_menu_item_xfn]]></wp:meta_key>
		<wp:meta_value><![CDATA[]]></wp:meta_value>
		</wp:postmeta>
							<wp:postmeta>
		<wp:meta_key><![CDATA[_menu_item_url]]></wp:meta_key>
		<wp:meta_value><![CDATA[#]]></wp:meta_value>
		</wp:postmeta>
							</item>
					<item>
		<title>About Us</title>
		<link>http://demosktthemes.com/free/woman/about-us/</link>
		<pubDate>Tue, 12 Nov 2019 08:18:58 +0000</pubDate>
		<dc:creator><![CDATA[woman]]></dc:creator>
		<guid isPermaLink="false">http://demosktthemes.com/free/woman/?p=16</guid>
		<description></description>
		<content:encoded><![CDATA[]]></content:encoded>
		<excerpt:encoded><![CDATA[]]></excerpt:encoded>
		<wp:post_id>16</wp:post_id>
		<wp:post_date><![CDATA[2019-11-12 08:18:58]]></wp:post_date>
		<wp:post_date_gmt><![CDATA[2019-11-12 08:18:58]]></wp:post_date_gmt>
		<wp:comment_status><![CDATA[closed]]></wp:comment_status>
		<wp:ping_status><![CDATA[closed]]></wp:ping_status>
		<wp:post_name><![CDATA[about-us]]></wp:post_name>
		<wp:status><![CDATA[publish]]></wp:status>
		<wp:post_parent>0</wp:post_parent>
		<wp:menu_order>2</wp:menu_order>
		<wp:post_type><![CDATA[nav_menu_item]]></wp:post_type>
		<wp:post_password><![CDATA[]]></wp:post_password>
		<wp:is_sticky>0</wp:is_sticky>
										<category domain="nav_menu" nicename="header"><![CDATA[Header]]></category>
						<wp:postmeta>
		<wp:meta_key><![CDATA[_menu_item_classes]]></wp:meta_key>
		<wp:meta_value><![CDATA[a:1:{i:0;s:0:"";}]]></wp:meta_value>
		</wp:postmeta>
							<wp:postmeta>
		<wp:meta_key><![CDATA[_menu_item_target]]></wp:meta_key>
		<wp:meta_value><![CDATA[]]></wp:meta_value>
		</wp:postmeta>
							<wp:postmeta>
		<wp:meta_key><![CDATA[_menu_item_object]]></wp:meta_key>
		<wp:meta_value><![CDATA[custom]]></wp:meta_value>
		</wp:postmeta>
							<wp:postmeta>
		<wp:meta_key><![CDATA[_menu_item_object_id]]></wp:meta_key>
		<wp:meta_value><![CDATA[16]]></wp:meta_value>
		</wp:postmeta>
							<wp:postmeta>
		<wp:meta_key><![CDATA[_menu_item_menu_item_parent]]></wp:meta_key>
		<wp:meta_value><![CDATA[0]]></wp:meta_value>
		</wp:postmeta>
							<wp:postmeta>
		<wp:meta_key><![CDATA[_menu_item_type]]></wp:meta_key>
		<wp:meta_value><![CDATA[custom]]></wp:meta_value>
		</wp:postmeta>
							<wp:postmeta>
		<wp:meta_key><![CDATA[_menu_item_xfn]]></wp:meta_key>
		<wp:meta_value><![CDATA[]]></wp:meta_value>
		</wp:postmeta>
							<wp:postmeta>
		<wp:meta_key><![CDATA[_menu_item_url]]></wp:meta_key>
		<wp:meta_value><![CDATA[#]]></wp:meta_value>
		</wp:postmeta>
							</item>
					<item>
		<title>Contact Us</title>
		<link>http://demosktthemes.com/free/woman/contact-us/</link>
		<pubDate>Tue, 12 Nov 2019 08:18:58 +0000</pubDate>
		<dc:creator><![CDATA[woman]]></dc:creator>
		<guid isPermaLink="false">http://demosktthemes.com/free/woman/?p=18</guid>
		<description></description>
		<content:encoded><![CDATA[]]></content:encoded>
		<excerpt:encoded><![CDATA[]]></excerpt:encoded>
		<wp:post_id>18</wp:post_id>
		<wp:post_date><![CDATA[2019-11-12 08:18:58]]></wp:post_date>
		<wp:post_date_gmt><![CDATA[2019-11-12 08:18:58]]></wp:post_date_gmt>
		<wp:comment_status><![CDATA[closed]]></wp:comment_status>
		<wp:ping_status><![CDATA[closed]]></wp:ping_status>
		<wp:post_name><![CDATA[contact-us]]></wp:post_name>
		<wp:status><![CDATA[publish]]></wp:status>
		<wp:post_parent>0</wp:post_parent>
		<wp:menu_order>5</wp:menu_order>
		<wp:post_type><![CDATA[nav_menu_item]]></wp:post_type>
		<wp:post_password><![CDATA[]]></wp:post_password>
		<wp:is_sticky>0</wp:is_sticky>
										<category domain="nav_menu" nicename="header"><![CDATA[Header]]></category>
						<wp:postmeta>
		<wp:meta_key><![CDATA[_menu_item_type]]></wp:meta_key>
		<wp:meta_value><![CDATA[custom]]></wp:meta_value>
		</wp:postmeta>
							<wp:postmeta>
		<wp:meta_key><![CDATA[_menu_item_menu_item_parent]]></wp:meta_key>
		<wp:meta_value><![CDATA[0]]></wp:meta_value>
		</wp:postmeta>
							<wp:postmeta>
		<wp:meta_key><![CDATA[_menu_item_object_id]]></wp:meta_key>
		<wp:meta_value><![CDATA[18]]></wp:meta_value>
		</wp:postmeta>
							<wp:postmeta>
		<wp:meta_key><![CDATA[_menu_item_object]]></wp:meta_key>
		<wp:meta_value><![CDATA[custom]]></wp:meta_value>
		</wp:postmeta>
							<wp:postmeta>
		<wp:meta_key><![CDATA[_menu_item_target]]></wp:meta_key>
		<wp:meta_value><![CDATA[]]></wp:meta_value>
		</wp:postmeta>
							<wp:postmeta>
		<wp:meta_key><![CDATA[_menu_item_classes]]></wp:meta_key>
		<wp:meta_value><![CDATA[a:1:{i:0;s:0:"";}]]></wp:meta_value>
		</wp:postmeta>
							<wp:postmeta>
		<wp:meta_key><![CDATA[_menu_item_xfn]]></wp:meta_key>
		<wp:meta_value><![CDATA[]]></wp:meta_value>
		</wp:postmeta>
							<wp:postmeta>
		<wp:meta_key><![CDATA[_menu_item_url]]></wp:meta_key>
		<wp:meta_value><![CDATA[#]]></wp:meta_value>
		</wp:postmeta>
							</item>
				</channel>
</rss>
	