<?xml version="1.0" encoding="UTF-8" ?>
<!-- This is a WordPress eXtended RSS file generated by WordPress as an export of your site. -->
<!-- It contains information about your site's posts, pages, comments, categories, and other content. -->
<!-- You may use this file to transfer that content from one site to another. -->
<!-- This file is not intended to serve as a complete backup of your site. -->

<!-- To import this information into a WordPress site follow these steps: -->
<!-- 1. Log in to that site as an administrator. -->
<!-- 2. Go to Tools: Import in the WordPress admin panel. -->
<!-- 3. Install the "WordPress" importer from the list. -->
<!-- 4. Activate & Run Importer. -->
<!-- 5. Upload this file using the form provided on that page. -->
<!-- 6. You will first be asked to map the authors in this export file to users -->
<!--    on the site. For each author, you may choose to map to an -->
<!--    existing user on the site or to create a new user. -->
<!-- 7. WordPress will then import each of the posts, pages, comments, categories, etc. -->
<!--    contained in this file into your site. -->

	<!-- generator="WordPress/5.2.4" created="2019-11-05 10:52" -->
<rss version="2.0"
	xmlns:excerpt="http://wordpress.org/export/1.2/excerpt/"
	xmlns:content="http://purl.org/rss/1.0/modules/content/"
	xmlns:wfw="http://wellformedweb.org/CommentAPI/"
	xmlns:dc="http://purl.org/dc/elements/1.1/"
	xmlns:wp="http://wordpress.org/export/1.2/"
>

<channel>
	<title>Event</title>
	<link>http://demosktthemes.com/free/event</link>
	<description>Just another WordPress site</description>
	<pubDate>Tue, 05 Nov 2019 10:52:25 +0000</pubDate>
	<language>en-US</language>
	<wp:wxr_version>1.2</wp:wxr_version>
	<wp:base_site_url>http://demosktthemes.com/free/event</wp:base_site_url>
	<wp:base_blog_url>http://demosktthemes.com/free/event</wp:base_blog_url>

		<wp:author><wp:author_id>1</wp:author_id><wp:author_login><![CDATA[event]]></wp:author_login><wp:author_email><![CDATA[sittestaccount@gmail.com]]></wp:author_email><wp:author_display_name><![CDATA[event]]></wp:author_display_name><wp:author_first_name><![CDATA[]]></wp:author_first_name><wp:author_last_name><![CDATA[]]></wp:author_last_name></wp:author>

		<wp:category>
		<wp:term_id>1</wp:term_id>
		<wp:category_nicename><![CDATA[uncategorized]]></wp:category_nicename>
		<wp:category_parent><![CDATA[]]></wp:category_parent>
		<wp:cat_name><![CDATA[Uncategorized]]></wp:cat_name>
	</wp:category>
				<wp:term>
		<wp:term_id><![CDATA[2]]></wp:term_id>
		<wp:term_taxonomy><![CDATA[nav_menu]]></wp:term_taxonomy>
		<wp:term_slug><![CDATA[header]]></wp:term_slug>
		<wp:term_parent><![CDATA[]]></wp:term_parent>
		<wp:term_name><![CDATA[Header]]></wp:term_name>
	</wp:term>
		<wp:term>
		<wp:term_id><![CDATA[1]]></wp:term_id>
		<wp:term_taxonomy><![CDATA[category]]></wp:term_taxonomy>
		<wp:term_slug><![CDATA[uncategorized]]></wp:term_slug>
		<wp:term_parent><![CDATA[]]></wp:term_parent>
		<wp:term_name><![CDATA[Uncategorized]]></wp:term_name>
	</wp:term>
			<wp:term><wp:term_id>2</wp:term_id><wp:term_taxonomy>nav_menu</wp:term_taxonomy><wp:term_slug><![CDATA[header]]></wp:term_slug><wp:term_name><![CDATA[Header]]></wp:term_name>
</wp:term>

	<generator>https://wordpress.org/?v=5.2.4</generator>

		<item>
		<title>Hello world!</title>
		<link>http://demosktthemes.com/free/event/hello-world/</link>
		<pubDate>Tue, 05 Nov 2019 10:34:26 +0000</pubDate>
		<dc:creator><![CDATA[event]]></dc:creator>
		<guid isPermaLink="false">http://demosktthemes.com/free/event/?p=1</guid>
		<description></description>
		<content:encoded><![CDATA[<!-- wp:paragraph -->
<p>Welcome to WordPress. This is your first post. Edit or delete it, then start writing!</p>
<!-- /wp:paragraph -->]]></content:encoded>
		<excerpt:encoded><![CDATA[]]></excerpt:encoded>
		<wp:post_id>1</wp:post_id>
		<wp:post_date><![CDATA[2019-11-05 10:34:26]]></wp:post_date>
		<wp:post_date_gmt><![CDATA[2019-11-05 10:34:26]]></wp:post_date_gmt>
		<wp:comment_status><![CDATA[open]]></wp:comment_status>
		<wp:ping_status><![CDATA[open]]></wp:ping_status>
		<wp:post_name><![CDATA[hello-world]]></wp:post_name>
		<wp:status><![CDATA[publish]]></wp:status>
		<wp:post_parent>0</wp:post_parent>
		<wp:menu_order>0</wp:menu_order>
		<wp:post_type><![CDATA[post]]></wp:post_type>
		<wp:post_password><![CDATA[]]></wp:post_password>
		<wp:is_sticky>0</wp:is_sticky>
										<category domain="category" nicename="uncategorized"><![CDATA[Uncategorized]]></category>
						<wp:comment>
			<wp:comment_id>1</wp:comment_id>
			<wp:comment_author><![CDATA[A WordPress Commenter]]></wp:comment_author>
			<wp:comment_author_email><![CDATA[wapuu@wordpress.example]]></wp:comment_author_email>
			<wp:comment_author_url>https://wordpress.org/</wp:comment_author_url>
			<wp:comment_author_IP><![CDATA[]]></wp:comment_author_IP>
			<wp:comment_date><![CDATA[2019-11-05 10:34:26]]></wp:comment_date>
			<wp:comment_date_gmt><![CDATA[2019-11-05 10:34:26]]></wp:comment_date_gmt>
			<wp:comment_content><![CDATA[Hi, this is a comment.
To get started with moderating, editing, and deleting comments, please visit the Comments screen in the dashboard.
Commenter avatars come from <a href="https://gravatar.com">Gravatar</a>.]]></wp:comment_content>
			<wp:comment_approved><![CDATA[1]]></wp:comment_approved>
			<wp:comment_type><![CDATA[]]></wp:comment_type>
			<wp:comment_parent>0</wp:comment_parent>
			<wp:comment_user_id>0</wp:comment_user_id>
							</wp:comment>
					</item>
					<item>
		<title>Home</title>
		<link>http://demosktthemes.com/free/event/</link>
		<pubDate>Tue, 05 Nov 2019 10:41:21 +0000</pubDate>
		<dc:creator><![CDATA[event]]></dc:creator>
		<guid isPermaLink="false">http://demosktthemes.com/free/event/?page_id=8</guid>
		<description></description>
		<content:encoded><![CDATA[<div class="skt-builder-block-wrapper skt-builder-home-section1-block skt-builder-home-section1-block-31" style="background-color: #f5f5f5; background-image: url(); padding-bottom: 70px; padding-top: 70px; ">
  <div class="skt-builder-block-inner skt-builder-block-inner-31" style="visibility: hidden;">
    <div class="skt-builder-container"> 
    	<style>
			.skt-builder-home-section1-block-31 .skt-builder-block-title span {color: #323131 !important;}
        </style>
        <div class="skt-builder-block-title" style="text-align: center;">
        <h2 style="color: #323131; font-size: 46px; margin-bottom: 60px; text-align: center;">We’ll make your next celebration very special!</h2>
 </div>
      <div class="skt-builder-columns-row skt-builder-columns-row-4column">      	
                <a href="#" >
                <style>
					.skt-builder-service-column-33.servicebox h3{color: #323131 !important;}
					.skt-builder-service-column-33.servicebox:hover h3{color: #da3884 !important;}
				</style>
                    <div class="skt-builder-column skt-builder-service-column skt-builder-service-column-33 servicebox boxpattern-1 skt-builder-column skt-builder-service-column skt-builder-service-column-33">
                      <div class="serviceboxbg">
                        <div class="services-thumb" style="background-color:rgba(218,56,132, 1);">
                        	<img class="skt-builder-service-column-image" src="http://demosktthemes.com/free/event/wp-content/themes/skt-events/blocks/home_section1/assets/img/service-img1.jpg">
                        </div>
                        <div class="servicebox-content">
                            <h3>Modern Art</h3>
                        </div>
                      </div>
                    </div>
                </a>
                <a href="#" >
                <style>
					.skt-builder-service-column-37.servicebox h3{color: #323131 !important;}
					.skt-builder-service-column-37.servicebox:hover h3{color: #da3884 !important;}
				</style>
                    <div class="skt-builder-column skt-builder-service-column skt-builder-service-column-37 servicebox boxpattern-1 skt-builder-column skt-builder-service-column skt-builder-service-column-37">
                      <div class="serviceboxbg">
                        <div class="services-thumb" style="background-color:rgba(218,56,132, 1);">
                        	<img class="skt-builder-service-column-image" src="http://demosktthemes.com/free/event/wp-content/themes/skt-events/blocks/home_section1/assets/img/service-img2.jpg">
                        </div>
                        <div class="servicebox-content">
                            <h3>Sculptures</h3>
                        </div>
                      </div>
                    </div>
                </a>
                <a href="#" >
                <style>
					.skt-builder-service-column-40.servicebox h3{color: #323131 !important;}
					.skt-builder-service-column-40.servicebox:hover h3{color: #da3884 !important;}
				</style>
                    <div class="skt-builder-column skt-builder-service-column skt-builder-service-column-40 servicebox boxpattern-1 skt-builder-column skt-builder-service-column skt-builder-service-column-40">
                      <div class="serviceboxbg">
                        <div class="services-thumb" style="background-color:rgba(218,56,132, 1);">
                        	<img class="skt-builder-service-column-image" src="http://demosktthemes.com/free/event/wp-content/themes/skt-events/blocks/home_section1/assets/img/service-img3.jpg">
                        </div>
                        <div class="servicebox-content">
                            <h3>Anthropology</h3>
                        </div>
                      </div>
                    </div>
                </a>
                <a href="#" >
                <style>
					.skt-builder-service-column-43.servicebox h3{color: #323131 !important;}
					.skt-builder-service-column-43.servicebox:hover h3{color: #da3884 !important;}
				</style>
                    <div class="skt-builder-column skt-builder-service-column skt-builder-service-column-43 servicebox boxpattern-1 skt-builder-column skt-builder-service-column skt-builder-service-column-43">
                      <div class="serviceboxbg">
                        <div class="services-thumb" style="background-color:rgba(218,56,132, 1);">
                        	<img class="skt-builder-service-column-image" src="http://demosktthemes.com/free/event/wp-content/themes/skt-events/blocks/home_section1/assets/img/service-img4.jpg">
                        </div>
                        <div class="servicebox-content">
                            <h3>Pre-Historic Life</h3>
                        </div>
                      </div>
                    </div>
                </a>
         </div>
    </div>
  </div>
</div>
<script>
jQuery(document).ready(function() {
    jQuery('p').each(function() {
        var $this = jQuery(this);
        if($this.html().replace(/s|&nbsp;/g, '').length == 0) {
            $this.remove();
        }
    });
});

jQuery(document).ready(function() {
    jQuery('p').each(function() {
        var $this = jQuery(this);
        if($this.html().replace(/s|<br>/g, '').length == 0) {
            $this.remove();
        }
    });
});
</script> 
<script>
jQuery.noConflict();
jQuery(document).ready(function(){
jQuery(window).scroll(function(){
    // This is then function used to detect if the element is scrolled into view
    function elementScrolled(elem)
    {
        var docViewTop = jQuery(window).scrollTop();
        var docViewBottom = docViewTop + jQuery(window).height();
        var elemTop = jQuery(elem).offset().top;
        return ((elemTop <= docViewBottom) && (elemTop >= docViewTop));
    }

	if (jQuery('.skt-builder-block-inner-31').length > 0) {
	if(elementScrolled('.skt-builder-block-inner-31')) {
        var els = jQuery('.skt-builder-block-inner-31'),
            i = 0,
            f = function () {
                jQuery(els[i++]).addClass('fadeInUp');
                if(i < els.length) setTimeout(f, 400);
            };
        f();
    }}

});
});
</script> 
<div class="skt-builder-block-wrapper skt-builder-home-section2-block skt-builder-home-section2-block-128" style="background-color: #ffffff; background-image: url(); padding-bottom: 65px; padding-top: 95px; ">
	<div class="skt-builder-block-inner skt-builder-block-inner-128" style="visibility: hidden;">
		<div class="skt-builder-container">
        	<style>
            	.skt-builder-home-section2-block-128 .skt-builder-block-button{background-color: #da3884; color: #fff;}
				.skt-builder-home-section2-block-128 .skt-builder-block-button:hover{background-color: #da3884; color: #fff;}
				.skt-builder-home-section2-block-128 .skt-builder-block-title span {color:  !important;}
            </style>
			<div class="skt-builder-columns-row skt-builder-columns-row-2column">
					<div class="skt-builder-column">
							<div class="skt-builder-column-inner">
                                <div class="videoWrapper videoWrapper43 js-videoWrapper">
                                    <iframe class="videoIframe js-videoIframe" src="" frameborder="0" allowtransparency="true" allowfullscreen="" data-src="https://pixabay.com/en/videos/download/video-12431_medium.mp4?autoplay&#x3D;1" allow="autoplay; encrypted-media"></iframe>
                                    <button class="videoPoster js-videoPoster" style="background-image: url(http://demosktthemes.com/free/event/wp-content/themes/skt-events/blocks/home_section2/assets/img/video-cover.jpg);">Play video</button>
                                </div>
                            </div>
					</div>
					<div class="skt-builder-column">
							<div class="skt-builder-block-title skt-block-title" style="text-align: left;">
                                <h3 style="color: #da3884; font-size: 76px; margin-bottom: 30px; text-align: left;"><small style="color: #323131; font-size: 46px;">Our Working</small>Process</h3>
                                
                            </div>
							<div class="skt-builder-column-inner">
                            	<p>Lorem ipsum dolor amet consectetur adipiscing elit. Sed id mollis mauris. Nunc vitaey finibus. Duis porttitor facilisis mattis. Donec rhoncus placerat urna sitamet ornareque suscipiteu. Nam vel sodales augue.</p><p>Etiam laoreet purus ut urna mattis consectetur vitae sed dolor. Aliquam erat volutpat. Vivamus libero mauris, dignissim gravida scelerisque felis...</p>
                                <a class="skt-builder-block-button" href="#" >Read More</a>
                            </div>
					</div>
			</div>
		</div>
	</div>
</div>
<script>
jQuery.noConflict();
jQuery(document).ready(function(){
jQuery(window).scroll(function(){
    // This is then function used to detect if the element is scrolled into view
    function elementScrolled(elem)
    {
        var docViewTop = jQuery(window).scrollTop();
        var docViewBottom = docViewTop + jQuery(window).height();
        var elemTop = jQuery(elem).offset().top;
        return ((elemTop <= docViewBottom) && (elemTop >= docViewTop));
    }

	if (jQuery('.skt-builder-block-inner-128').length > 0) {
	if(elementScrolled('.skt-builder-block-inner-128')) {
        var els = jQuery('.skt-builder-block-inner-128'),
            i = 0,
            f = function () {
                jQuery(els[i++]).addClass('slideInLeft');
                if(i < els.length) setTimeout(f, 400);
            };
        f();
    }}

});
});
</script>]]></content:encoded>
		<excerpt:encoded><![CDATA[]]></excerpt:encoded>
		<wp:post_id>8</wp:post_id>
		<wp:post_date><![CDATA[2019-11-05 10:41:21]]></wp:post_date>
		<wp:post_date_gmt><![CDATA[2019-11-05 10:41:21]]></wp:post_date_gmt>
		<wp:comment_status><![CDATA[closed]]></wp:comment_status>
		<wp:ping_status><![CDATA[closed]]></wp:ping_status>
		<wp:post_name><![CDATA[home]]></wp:post_name>
		<wp:status><![CDATA[publish]]></wp:status>
		<wp:post_parent>0</wp:post_parent>
		<wp:menu_order>0</wp:menu_order>
		<wp:post_type><![CDATA[page]]></wp:post_type>
		<wp:post_password><![CDATA[]]></wp:post_password>
		<wp:is_sticky>0</wp:is_sticky>
														<wp:postmeta>
		<wp:meta_key><![CDATA[_wp_page_template]]></wp:meta_key>
		<wp:meta_value><![CDATA[templates/page-builder.php]]></wp:meta_value>
		</wp:postmeta>
							<wp:postmeta>
		<wp:meta_key><![CDATA[sktbuilder_data]]></wp:meta_key>
		<wp:meta_value><![CDATA[{\"blocks\":[{\"blockTitle\":\"We\\u2019ll make your next celebration very special!\",\"blockTitleColor\":\"#323131\",\"titleLastWordColor\":\"#323131\",\"blockTitleFontSize\":\"46\",\"blockTitleMarginBottom\":\"60\",\"blockTitleSeparator\":0,\"blockTitleSeparatorColor\":\"#323131\",\"blockTitleAlign\":\"center\",\"blockDescription\":\"\",\"blockColumnsCount\":\"4\",\"blockColumns\":[{\"title\":\"Modern Art\",\"titleColor\":\"#323131\",\"titleHoverColor\":\"#da3884\",\"columnBgColor\":\"rgba(218,56,132, 1)\",\"columnLink\":\"#\",\"columnLinkTarget\":0,\"columnIcon\":\"http:\\/\\/demosktthemes.com\\/free\\/event\\/wp-content\\/themes\\/skt-events\\/blocks\\/home_section1\\/assets\\/img\\/service-img1.jpg\",\"order\":1,\"id\":33},{\"title\":\"Sculptures\",\"titleColor\":\"#323131\",\"titleHoverColor\":\"#da3884\",\"columnBgColor\":\"rgba(218,56,132, 1)\",\"columnLink\":\"#\",\"columnLinkTarget\":0,\"columnIcon\":\"http:\\/\\/demosktthemes.com\\/free\\/event\\/wp-content\\/themes\\/skt-events\\/blocks\\/home_section1\\/assets\\/img\\/service-img2.jpg\",\"order\":2,\"id\":37},{\"title\":\"Anthropology\",\"titleColor\":\"#323131\",\"titleHoverColor\":\"#da3884\",\"columnBgColor\":\"rgba(218,56,132, 1)\",\"columnLink\":\"#\",\"columnLinkTarget\":0,\"columnIcon\":\"http:\\/\\/demosktthemes.com\\/free\\/event\\/wp-content\\/themes\\/skt-events\\/blocks\\/home_section1\\/assets\\/img\\/service-img3.jpg\",\"order\":3,\"id\":40},{\"title\":\"Pre-Historic Life\",\"titleColor\":\"#323131\",\"titleHoverColor\":\"#da3884\",\"columnBgColor\":\"rgba(218,56,132, 1)\",\"columnLink\":\"#\",\"columnLinkTarget\":0,\"columnIcon\":\"http:\\/\\/demosktthemes.com\\/free\\/event\\/wp-content\\/themes\\/skt-events\\/blocks\\/home_section1\\/assets\\/img\\/service-img4.jpg\",\"order\":4,\"id\":43}],\"blockAnimation\":1,\"blockAnimationEffect\":\"fadeInUp\",\"blockPaddingTop\":\"70\",\"blockPaddingBottom\":\"70\",\"blockBackgroundColor\":\"#f5f5f5\",\"blockParallaxEffect\":0,\"blockBgImageUrl\":\"\",\"block\":\"home_section1\",\"lib\":\"SKT Theme Blocks\",\"id\":31},{\"blockTitleSmall\":\"Our Working\",\"blockSmallTitleColor\":\"#323131\",\"blockSmallTitleFontSize\":\"46\",\"blockTitle\":\"Process\",\"blockTitleColor\":\"#da3884\",\"blockTitleFontSize\":\"76\",\"blockTitleMarginBottom\":\"30\",\"blockTitleSeparator\":0,\"blockTitleSeparatorColor\":\"#685031\",\"blockTitleAlign\":\"left\",\"blockDescription\":\"<p>Lorem ipsum dolor amet consectetur adipiscing elit. Sed id mollis mauris. Nunc vitaey finibus. Duis porttitor facilisis mattis. Donec rhoncus placerat urna sitamet ornareque suscipiteu. Nam vel sodales augue.<\\/p><p>Etiam laoreet purus ut urna mattis consectetur vitae sed dolor. Aliquam erat volutpat. Vivamus libero mauris, dignissim gravida scelerisque felis...<\\/p>\",\"blockButtonText\":\"Read More\",\"blockButtonLink\":\"#\",\"blockButtonLinkTarget\":0,\"blockButtonTextColor\":\"#fff\",\"blockButtonBgColor\":\"#da3884\",\"blockButtonHoverTextColor\":\"#fff\",\"blockButtonHoverBgColor\":\"#da3884\",\"blockImage\":\"http:\\/\\/demosktthemes.com\\/free\\/event\\/wp-content\\/themes\\/skt-events\\/blocks\\/home_section2\\/assets\\/img\\/video-cover.jpg\",\"blockVideoLink\":\"https:\\/\\/pixabay.com\\/en\\/videos\\/download\\/video-12431_medium.mp4?autoplay=1\",\"blockSwitchPosition\":1,\"blockAnimation\":1,\"blockAnimationEffect\":\"slideInLeft\",\"blockPaddingTop\":\"95\",\"blockPaddingBottom\":\"65\",\"blockBackgroundColor\":\"#ffffff\",\"blockParallaxEffect\":0,\"blockBgImageUrl\":\"\",\"block\":\"home_section2\",\"lib\":\"SKT Theme Blocks\",\"id\":128}],\"version\":\"3.0.5\"}]]></wp:meta_value>
		</wp:postmeta>
							</item>
					<item>
		<title>Blog</title>
		<link>http://demosktthemes.com/free/event/blog/</link>
		<pubDate>Tue, 05 Nov 2019 10:42:10 +0000</pubDate>
		<dc:creator><![CDATA[event]]></dc:creator>
		<guid isPermaLink="false">http://demosktthemes.com/free/event/?page_id=10</guid>
		<description></description>
		<content:encoded><![CDATA[]]></content:encoded>
		<excerpt:encoded><![CDATA[]]></excerpt:encoded>
		<wp:post_id>10</wp:post_id>
		<wp:post_date><![CDATA[2019-11-05 10:42:10]]></wp:post_date>
		<wp:post_date_gmt><![CDATA[2019-11-05 10:42:10]]></wp:post_date_gmt>
		<wp:comment_status><![CDATA[closed]]></wp:comment_status>
		<wp:ping_status><![CDATA[closed]]></wp:ping_status>
		<wp:post_name><![CDATA[blog]]></wp:post_name>
		<wp:status><![CDATA[publish]]></wp:status>
		<wp:post_parent>0</wp:post_parent>
		<wp:menu_order>0</wp:menu_order>
		<wp:post_type><![CDATA[page]]></wp:post_type>
		<wp:post_password><![CDATA[]]></wp:post_password>
		<wp:is_sticky>0</wp:is_sticky>
														</item>
					<item>
		<title></title>
		<link>http://demosktthemes.com/free/event/12/</link>
		<pubDate>Tue, 05 Nov 2019 10:42:58 +0000</pubDate>
		<dc:creator><![CDATA[event]]></dc:creator>
		<guid isPermaLink="false">http://demosktthemes.com/free/event/?p=12</guid>
		<description></description>
		<content:encoded><![CDATA[ ]]></content:encoded>
		<excerpt:encoded><![CDATA[]]></excerpt:encoded>
		<wp:post_id>12</wp:post_id>
		<wp:post_date><![CDATA[2019-11-05 10:42:58]]></wp:post_date>
		<wp:post_date_gmt><![CDATA[2019-11-05 10:42:58]]></wp:post_date_gmt>
		<wp:comment_status><![CDATA[closed]]></wp:comment_status>
		<wp:ping_status><![CDATA[closed]]></wp:ping_status>
		<wp:post_name><![CDATA[12]]></wp:post_name>
		<wp:status><![CDATA[publish]]></wp:status>
		<wp:post_parent>0</wp:post_parent>
		<wp:menu_order>1</wp:menu_order>
		<wp:post_type><![CDATA[nav_menu_item]]></wp:post_type>
		<wp:post_password><![CDATA[]]></wp:post_password>
		<wp:is_sticky>0</wp:is_sticky>
										<category domain="nav_menu" nicename="header"><![CDATA[Header]]></category>
						<wp:postmeta>
		<wp:meta_key><![CDATA[_menu_item_target]]></wp:meta_key>
		<wp:meta_value><![CDATA[]]></wp:meta_value>
		</wp:postmeta>
							<wp:postmeta>
		<wp:meta_key><![CDATA[_menu_item_object_id]]></wp:meta_key>
		<wp:meta_value><![CDATA[8]]></wp:meta_value>
		</wp:postmeta>
							<wp:postmeta>
		<wp:meta_key><![CDATA[_menu_item_object]]></wp:meta_key>
		<wp:meta_value><![CDATA[page]]></wp:meta_value>
		</wp:postmeta>
							<wp:postmeta>
		<wp:meta_key><![CDATA[_menu_item_type]]></wp:meta_key>
		<wp:meta_value><![CDATA[post_type]]></wp:meta_value>
		</wp:postmeta>
							<wp:postmeta>
		<wp:meta_key><![CDATA[_menu_item_menu_item_parent]]></wp:meta_key>
		<wp:meta_value><![CDATA[0]]></wp:meta_value>
		</wp:postmeta>
							<wp:postmeta>
		<wp:meta_key><![CDATA[_menu_item_classes]]></wp:meta_key>
		<wp:meta_value><![CDATA[a:1:{i:0;s:0:"";}]]></wp:meta_value>
		</wp:postmeta>
							<wp:postmeta>
		<wp:meta_key><![CDATA[_menu_item_xfn]]></wp:meta_key>
		<wp:meta_value><![CDATA[]]></wp:meta_value>
		</wp:postmeta>
							<wp:postmeta>
		<wp:meta_key><![CDATA[_menu_item_url]]></wp:meta_key>
		<wp:meta_value><![CDATA[]]></wp:meta_value>
		</wp:postmeta>
							</item>
					<item>
		<title></title>
		<link>http://demosktthemes.com/free/event/13/</link>
		<pubDate>Tue, 05 Nov 2019 10:42:58 +0000</pubDate>
		<dc:creator><![CDATA[event]]></dc:creator>
		<guid isPermaLink="false">http://demosktthemes.com/free/event/?p=13</guid>
		<description></description>
		<content:encoded><![CDATA[ ]]></content:encoded>
		<excerpt:encoded><![CDATA[]]></excerpt:encoded>
		<wp:post_id>13</wp:post_id>
		<wp:post_date><![CDATA[2019-11-05 10:42:58]]></wp:post_date>
		<wp:post_date_gmt><![CDATA[2019-11-05 10:42:58]]></wp:post_date_gmt>
		<wp:comment_status><![CDATA[closed]]></wp:comment_status>
		<wp:ping_status><![CDATA[closed]]></wp:ping_status>
		<wp:post_name><![CDATA[13]]></wp:post_name>
		<wp:status><![CDATA[publish]]></wp:status>
		<wp:post_parent>0</wp:post_parent>
		<wp:menu_order>4</wp:menu_order>
		<wp:post_type><![CDATA[nav_menu_item]]></wp:post_type>
		<wp:post_password><![CDATA[]]></wp:post_password>
		<wp:is_sticky>0</wp:is_sticky>
										<category domain="nav_menu" nicename="header"><![CDATA[Header]]></category>
						<wp:postmeta>
		<wp:meta_key><![CDATA[_menu_item_type]]></wp:meta_key>
		<wp:meta_value><![CDATA[post_type]]></wp:meta_value>
		</wp:postmeta>
							<wp:postmeta>
		<wp:meta_key><![CDATA[_menu_item_menu_item_parent]]></wp:meta_key>
		<wp:meta_value><![CDATA[0]]></wp:meta_value>
		</wp:postmeta>
							<wp:postmeta>
		<wp:meta_key><![CDATA[_menu_item_object_id]]></wp:meta_key>
		<wp:meta_value><![CDATA[10]]></wp:meta_value>
		</wp:postmeta>
							<wp:postmeta>
		<wp:meta_key><![CDATA[_menu_item_object]]></wp:meta_key>
		<wp:meta_value><![CDATA[page]]></wp:meta_value>
		</wp:postmeta>
							<wp:postmeta>
		<wp:meta_key><![CDATA[_menu_item_target]]></wp:meta_key>
		<wp:meta_value><![CDATA[]]></wp:meta_value>
		</wp:postmeta>
							<wp:postmeta>
		<wp:meta_key><![CDATA[_menu_item_classes]]></wp:meta_key>
		<wp:meta_value><![CDATA[a:1:{i:0;s:0:"";}]]></wp:meta_value>
		</wp:postmeta>
							<wp:postmeta>
		<wp:meta_key><![CDATA[_menu_item_xfn]]></wp:meta_key>
		<wp:meta_value><![CDATA[]]></wp:meta_value>
		</wp:postmeta>
							<wp:postmeta>
		<wp:meta_key><![CDATA[_menu_item_url]]></wp:meta_key>
		<wp:meta_value><![CDATA[]]></wp:meta_value>
		</wp:postmeta>
							</item>
					<item>
		<title>Services</title>
		<link>http://demosktthemes.com/free/event/services/</link>
		<pubDate>Tue, 05 Nov 2019 10:43:41 +0000</pubDate>
		<dc:creator><![CDATA[event]]></dc:creator>
		<guid isPermaLink="false">http://demosktthemes.com/free/event/?p=15</guid>
		<description></description>
		<content:encoded><![CDATA[]]></content:encoded>
		<excerpt:encoded><![CDATA[]]></excerpt:encoded>
		<wp:post_id>15</wp:post_id>
		<wp:post_date><![CDATA[2019-11-05 10:43:41]]></wp:post_date>
		<wp:post_date_gmt><![CDATA[2019-11-05 10:43:41]]></wp:post_date_gmt>
		<wp:comment_status><![CDATA[closed]]></wp:comment_status>
		<wp:ping_status><![CDATA[closed]]></wp:ping_status>
		<wp:post_name><![CDATA[services]]></wp:post_name>
		<wp:status><![CDATA[publish]]></wp:status>
		<wp:post_parent>0</wp:post_parent>
		<wp:menu_order>3</wp:menu_order>
		<wp:post_type><![CDATA[nav_menu_item]]></wp:post_type>
		<wp:post_password><![CDATA[]]></wp:post_password>
		<wp:is_sticky>0</wp:is_sticky>
										<category domain="nav_menu" nicename="header"><![CDATA[Header]]></category>
						<wp:postmeta>
		<wp:meta_key><![CDATA[_menu_item_object_id]]></wp:meta_key>
		<wp:meta_value><![CDATA[15]]></wp:meta_value>
		</wp:postmeta>
							<wp:postmeta>
		<wp:meta_key><![CDATA[_menu_item_menu_item_parent]]></wp:meta_key>
		<wp:meta_value><![CDATA[0]]></wp:meta_value>
		</wp:postmeta>
							<wp:postmeta>
		<wp:meta_key><![CDATA[_menu_item_type]]></wp:meta_key>
		<wp:meta_value><![CDATA[custom]]></wp:meta_value>
		</wp:postmeta>
							<wp:postmeta>
		<wp:meta_key><![CDATA[_menu_item_object]]></wp:meta_key>
		<wp:meta_value><![CDATA[custom]]></wp:meta_value>
		</wp:postmeta>
							<wp:postmeta>
		<wp:meta_key><![CDATA[_menu_item_target]]></wp:meta_key>
		<wp:meta_value><![CDATA[]]></wp:meta_value>
		</wp:postmeta>
							<wp:postmeta>
		<wp:meta_key><![CDATA[_menu_item_classes]]></wp:meta_key>
		<wp:meta_value><![CDATA[a:1:{i:0;s:0:"";}]]></wp:meta_value>
		</wp:postmeta>
							<wp:postmeta>
		<wp:meta_key><![CDATA[_menu_item_xfn]]></wp:meta_key>
		<wp:meta_value><![CDATA[]]></wp:meta_value>
		</wp:postmeta>
							<wp:postmeta>
		<wp:meta_key><![CDATA[_menu_item_url]]></wp:meta_key>
		<wp:meta_value><![CDATA[#]]></wp:meta_value>
		</wp:postmeta>
							</item>
					<item>
		<title>About Us</title>
		<link>http://demosktthemes.com/free/event/about-us/</link>
		<pubDate>Tue, 05 Nov 2019 10:43:41 +0000</pubDate>
		<dc:creator><![CDATA[event]]></dc:creator>
		<guid isPermaLink="false">http://demosktthemes.com/free/event/?p=16</guid>
		<description></description>
		<content:encoded><![CDATA[]]></content:encoded>
		<excerpt:encoded><![CDATA[]]></excerpt:encoded>
		<wp:post_id>16</wp:post_id>
		<wp:post_date><![CDATA[2019-11-05 10:43:41]]></wp:post_date>
		<wp:post_date_gmt><![CDATA[2019-11-05 10:43:41]]></wp:post_date_gmt>
		<wp:comment_status><![CDATA[closed]]></wp:comment_status>
		<wp:ping_status><![CDATA[closed]]></wp:ping_status>
		<wp:post_name><![CDATA[about-us]]></wp:post_name>
		<wp:status><![CDATA[publish]]></wp:status>
		<wp:post_parent>0</wp:post_parent>
		<wp:menu_order>2</wp:menu_order>
		<wp:post_type><![CDATA[nav_menu_item]]></wp:post_type>
		<wp:post_password><![CDATA[]]></wp:post_password>
		<wp:is_sticky>0</wp:is_sticky>
										<category domain="nav_menu" nicename="header"><![CDATA[Header]]></category>
						<wp:postmeta>
		<wp:meta_key><![CDATA[_menu_item_type]]></wp:meta_key>
		<wp:meta_value><![CDATA[custom]]></wp:meta_value>
		</wp:postmeta>
							<wp:postmeta>
		<wp:meta_key><![CDATA[_menu_item_menu_item_parent]]></wp:meta_key>
		<wp:meta_value><![CDATA[0]]></wp:meta_value>
		</wp:postmeta>
							<wp:postmeta>
		<wp:meta_key><![CDATA[_menu_item_object_id]]></wp:meta_key>
		<wp:meta_value><![CDATA[16]]></wp:meta_value>
		</wp:postmeta>
							<wp:postmeta>
		<wp:meta_key><![CDATA[_menu_item_object]]></wp:meta_key>
		<wp:meta_value><![CDATA[custom]]></wp:meta_value>
		</wp:postmeta>
							<wp:postmeta>
		<wp:meta_key><![CDATA[_menu_item_target]]></wp:meta_key>
		<wp:meta_value><![CDATA[]]></wp:meta_value>
		</wp:postmeta>
							<wp:postmeta>
		<wp:meta_key><![CDATA[_menu_item_classes]]></wp:meta_key>
		<wp:meta_value><![CDATA[a:1:{i:0;s:0:"";}]]></wp:meta_value>
		</wp:postmeta>
							<wp:postmeta>
		<wp:meta_key><![CDATA[_menu_item_xfn]]></wp:meta_key>
		<wp:meta_value><![CDATA[]]></wp:meta_value>
		</wp:postmeta>
							<wp:postmeta>
		<wp:meta_key><![CDATA[_menu_item_url]]></wp:meta_key>
		<wp:meta_value><![CDATA[#]]></wp:meta_value>
		</wp:postmeta>
							</item>
					<item>
		<title>Contact Us</title>
		<link>http://demosktthemes.com/free/event/contact-us/</link>
		<pubDate>Tue, 05 Nov 2019 10:43:41 +0000</pubDate>
		<dc:creator><![CDATA[event]]></dc:creator>
		<guid isPermaLink="false">http://demosktthemes.com/free/event/?p=17</guid>
		<description></description>
		<content:encoded><![CDATA[]]></content:encoded>
		<excerpt:encoded><![CDATA[]]></excerpt:encoded>
		<wp:post_id>17</wp:post_id>
		<wp:post_date><![CDATA[2019-11-05 10:43:41]]></wp:post_date>
		<wp:post_date_gmt><![CDATA[2019-11-05 10:43:41]]></wp:post_date_gmt>
		<wp:comment_status><![CDATA[closed]]></wp:comment_status>
		<wp:ping_status><![CDATA[closed]]></wp:ping_status>
		<wp:post_name><![CDATA[contact-us]]></wp:post_name>
		<wp:status><![CDATA[publish]]></wp:status>
		<wp:post_parent>0</wp:post_parent>
		<wp:menu_order>5</wp:menu_order>
		<wp:post_type><![CDATA[nav_menu_item]]></wp:post_type>
		<wp:post_password><![CDATA[]]></wp:post_password>
		<wp:is_sticky>0</wp:is_sticky>
										<category domain="nav_menu" nicename="header"><![CDATA[Header]]></category>
						<wp:postmeta>
		<wp:meta_key><![CDATA[_menu_item_type]]></wp:meta_key>
		<wp:meta_value><![CDATA[custom]]></wp:meta_value>
		</wp:postmeta>
							<wp:postmeta>
		<wp:meta_key><![CDATA[_menu_item_menu_item_parent]]></wp:meta_key>
		<wp:meta_value><![CDATA[0]]></wp:meta_value>
		</wp:postmeta>
							<wp:postmeta>
		<wp:meta_key><![CDATA[_menu_item_object_id]]></wp:meta_key>
		<wp:meta_value><![CDATA[17]]></wp:meta_value>
		</wp:postmeta>
							<wp:postmeta>
		<wp:meta_key><![CDATA[_menu_item_object]]></wp:meta_key>
		<wp:meta_value><![CDATA[custom]]></wp:meta_value>
		</wp:postmeta>
							<wp:postmeta>
		<wp:meta_key><![CDATA[_menu_item_target]]></wp:meta_key>
		<wp:meta_value><![CDATA[]]></wp:meta_value>
		</wp:postmeta>
							<wp:postmeta>
		<wp:meta_key><![CDATA[_menu_item_classes]]></wp:meta_key>
		<wp:meta_value><![CDATA[a:1:{i:0;s:0:"";}]]></wp:meta_value>
		</wp:postmeta>
							<wp:postmeta>
		<wp:meta_key><![CDATA[_menu_item_xfn]]></wp:meta_key>
		<wp:meta_value><![CDATA[]]></wp:meta_value>
		</wp:postmeta>
							<wp:postmeta>
		<wp:meta_key><![CDATA[_menu_item_url]]></wp:meta_key>
		<wp:meta_value><![CDATA[#]]></wp:meta_value>
		</wp:postmeta>
							</item>
				</channel>
</rss>
	